{"cameraMode":{"drawMode":0,"name":"Shaded","section":"Shading Mode"},"sceneLighting":false,"audioPlay":false,"sceneViewState":{"m_AlwaysRefresh":false,"showFog":false,"showSkybox":false,"showFlares":false,"showImageEffects":false,"showParticleSystems":false,"showVisualEffectGraphs":true,"m_FxEnabled":true},"in2DMode":false,"pivot":{"x":-0.13131758570671082,"y":1.0591298341751099,"z":-0.0816659927368164},"rotation":{"x":-0.0011902767000719905,"y":-0.9779365658760071,"z":0.20875582098960877,"w":-0.005582078360021114},"size":1.3227510452270508,"orthographic":false}